<?xml version="1.0" encoding="utf-8"?>
<component name="customItem" extends="group">
    <script type="text/brightscript" uri="customItem.brs"/>
    <interface>
        <!-- poster uri -->
        <field id="posterUri" type="integer" alias="poster.uri"/>
        <!-- label text -->
        <field id="labelText" type="integer" alias="simpleLabel.text"/>
    </interface>
    <children>
        <layoutGroup id="layoutGroup" itemSpacings="[30]" horizAlignment="center">
                <poster
                    id="profileBackground"
                    width="338"
                    height="338"
                    uri="pkg:/images/fondo.png"
                >
                <poster
                    id="poster"
                    width="318"
                    height="318"
                    translation="[10, 10]" />
                </poster>
            <simpleLabel
                id="simpleLabel"
                fontUri="font:BoldSystemFontFile"
                fontSize="40"/>
        </layoutGroup>
    </children>
</component>