<?xml version="1.0" encoding="utf-8" ?>
<component name="mainScene" extends="Scene">
    <interface>
        <field id="routerCallback" type="assocarray" onChange="routingEventCallback" alwaysNotify="true" />
        <field id="rootScene" type="boolean" />
    </interface>
    <script type="text/brightscript" uri="mainScene.brs" />
    <script type="text/brightscript" uri="pkg:/source/utils.brs" />
    <script type="text/brightscript" uri="router.brs" />
    <children>
                <poster 
                id="posterBackG"
                uri = "pkg:/images/assets/Background02.png"
                width = "1920"
                height = "1080"
            />
        <LayoutGroup id="layoutGroup" itemSpacings="[100]" horizAlignment="center" >
            <poster 
                id="Logo"
                uri = "pkg:/images/assets/Logo1.png"
                width = "1000"
                height = "250"
            />
            <Label
                id="label"
                font="font:MediumBoldSystemFont"
                text="log in to enjoy!" />
            <customButton
                id="signInButton"
                width="120"
                height="60"
                text="Sign In" />
            <customButton
                id="signUpButton"
                width="120"
                height="60"
                text="Sign Up" />
        </LayoutGroup>
        <Group id="scenes" />
    </children>
</component>